doc_id,title,abstract,source_type,pub_date
bio_003f08736c63,ACCUMULATION OF MICROPLASTIC AND MICRORUBBER PARTICLES IN STORMWATER POND FISH AND INVERTEBRATES,"Stormwater ponds serve as best management practices to trap or remove both physical and chemical pollutants before further discharge of stormwater into receiving natural waterbodies. Stormwater ponds can therefore accumulate high levels of pollutants, including microplastics (MP) and microrubber (MR) from road runoff. It was hypothesized that biota in stormwater ponds that receive large amounts of road runoff, or are in proximity to roadways and major developments, would contain significant amounts of MP per individual, with high abundances of tire particles (TP). Fish and invertebrates were collected from five stormwater ponds and their adjacent tidal creeks in Mt. Pleasant, SC, USA. Whole organisms were digested using KOH and digested contents were filtered and analyzed by visual microscopy to identify and count MPs. The majority (>80%) of MP recovered from biota across all sites were suspected TP. The average number of MP per individual ranged from 0.3 to 71 MP and the average number of suspected tire particles per individual ranged from 0 to 57.7 tire particles. There were significant differences in MP per individual observed between sites and between species. A combination of factors such as availability of MPs based on surrounding land use, pond hydrodynamics, organism size, and species feeding habitat likely influenced the total MP observed among the different sites and species analyzed. These data provide preliminary examination into the fate and transport of MP and MR in stormwater ponds and an evaluation of MP and MR abundance in organisms from stormwater ponds in the coastal zone.",bioRxiv (preprint),2022-03-03
bio_12e355cb6d35,"Potassium Carbonate (K 2 CO 3 ) – A cheap, non-toxic and high-density floating solution for microplastic isolation from beach sediments","Beaches are good indicators for microplastic distribution and local microplastic pollution. Multiple methods have been developed for extracting microplastics from sediment, mainly through density separation. However, the chemicals applied are often expensive and harmful for the user or to the environment. We briefly review the problems associated with the use of these chemicals and present a new floatation solution, potassium carbonate (K 2 CO 3 ) that has many advantages over available media. It is non-toxic and cheap, and with a density of 1.54 g/cm 3  the K 2 CO 3  solution yielded a mean recovery rate of around 92% for PVC, one of the densest polymers, that cannot be easily extracted with alternative floatation agents. We propose that the use of K 2 CO 3  is particularly promising for long term and large-scale monitoring studies, not least because it allows an increasing involvement of citizen scientists, hopefully leading to an increased public awareness of the plastic problem in the seas.",bioRxiv (preprint),2020-11-17
bio_15a5db886c0d,16s rRNA gene sequence analysis of the microbial community on microplastic samples from the North Atlantic and Great Pacific Garbage Patches,"The exponential increase in plastic production has led to their accumulation in the environment, particularly in oceans, polluting these environments from the shore to the open ocean and even sea ice in the pole regions. We compared microbial communities on plastic particles, known as “Plastisphere”, collected from the Atlantic and Pacific oceans gyres in the Summer of 2019 and subsequently looked for potential plastic degraders. We applied a 16S rRNA amplicon sequencing approach to decipher differences and similarities in colonization behaviour between these two gyres. Two polymer types include plastics: polyethylene (PE) and polypropylene (PP). We found that microbes differed significantly between the two oceans and identified thirty-two differentially abundant taxa at the class level. Proteobacteria, Cyanobacteria and Bacteroidota were the most prominent relative abundant phyla in the two oceans. Finally, according to the current literature, we found 40 genera documented as potential plastic degraders. This study highlights the importance of the biogeographical location with respect to microbial colonization patterns of marine plastic debris, differing even in the open oceans. Furthermore, the wide distribution of potential plastic-degrading bacteria was shown.",bioRxiv (preprint),2022-12-22
bio_35f884f86e32,Tire abrasion particles negatively affect plant growth even at low concentrations and alter soil biogeochemical cycling,"Tire particles (TPs) are a major source of microplastic on land, and considering their chemical composition, they represent a potential hazard for the terrestrial environment. We studied the effects of TPs at environmentally relevant concentrations along a wide concentration gradient (0 – 160 mg g −1 ) and tested the effects on plant growth, soil pH and the key ecosystem process of litter decomposition and soil respiration. The addition of TPs negatively affected shoot and root growth already at low concentrations. Tea litter decomposition slightly increased with lower additions of TPs but decreased later on. Soil pH increased until a TP concentration of 80 mg kg-1 and leveled off afterwards. Soil respiration clearly increased with increasing concentration of added TPs. Plant growth was likely reduced with starting contamination and stopped when contamination reached a certain level in the soil. The presence of TPs altered a number of biogeochemical soil parameters that can have further effects on plant performance. Considering the quantities of yearly produced TPs, their persistence, and toxic potential, we assume that these particles will eventually have a significant impact on terrestrial ecosystems.",bioRxiv (preprint),2021-04-19
bio_3ccda7126c93,Microplastics found in Antarctic penguins: chemical reactivity theory to analyze possible toxicity,"Micro- and nanoplastics are widespread in the marine environment including polar regions across Antarctica. In Antarctic penguins, eighty percent of microplastics were identified as polyethylene and ten percent as polyester. To analyze the toxicity of these two polymers, oligomers with different numbers of units were used as models. The use of oligomers as polymer models has been used previously with success. We started with the monomer and continued with different oligomers until the chain length was greater than 2 nm. According to the results of quantum chemistry, polyester is a better oxidant than polyethylene, since it is a better electron acceptor. Although there is less polyester than polyethylene in penguins, the presence of polyester may be more harmful than the presence of polyethylene for three reasons: polyester is better electron acceptor and therefore a better oxidant than polyethylene; polyester has negatively charged oxygen atoms and can promote stronger interactions than polyethylene with other molecules; polyester forms stable complexes and can dissociate the guanine-cytosine nucleobase pair. This could affect DNA replication. This theoretical information helps to elucidate the potential damage of micro- and nanoplastics.",bioRxiv (preprint),2023-04-26
bio_43910f586c7a,"The “good, the bad and the double-sword” effects of exposure to MPs and their organic additives on N 2 -fixing bacteria","The accumulation of microplastics (MPs) pollution at depths suggests the susceptibility of benthic organisms ( e.g.  seagrasses and their associated macro- and micro-organisms) to the effects of these pollutants. Little is known about the direct effects of MPs and their organic additives on marine bacteria,  e.g.  in one of the most ecologically significant groups, the diazotrophs or N 2 -fixing bacteria. To fill this gap of knowledge, we exposed marine diazotrophs found in association with the endemic Mediterranean seagrass  Posidonia oceanica  to pure MPs which differ in physical properties ( e.g.  density, hydrophobicity and/or size), namely, polyethylene (PE), polypropylene (PP), polyvinyl chloride (PVC) and polystyrene (PS) and to their most abundant associated organic additives ( e.g.  fluoranthene, 1,2,5,6,9,10-hexabromocyclododecane [HBCD] and dioctyl-phthalate [DEHP]). Growth, protein overexpression, direct physical interactions between MPs and bacteria, phosphorus (P) acquisition mechanisms and N 2 -fixation rates were evaluated. Our results show species-specific responses of the autotrophic and heterotrophic N 2 -fixing bacteria tested and the responses were dependent on the type and concentration of MPs and additives. N 2 -fixing cyanobacteria were positively affected by environmental and high concentrations of MPs ( e.g.  PVC), as opposed to heterotrophic strains, that were only positively affected with high concentrations of ∼120 µm-size MPs (detecting the overexpression of proteins related to plastic degradation and C-transport), and negatively affected by 1 µm-size PS beads. Generally, the organic additives ( e.g.  fluoranthene) had a deleterious effect in both autotrophic and heterotrophic N 2 -fixing bacteria and the magnitude of the effect is suggested to be dependent on bacterial size. We did not find evidences that specific N 2 -fixation rates were significantly affected by exposure to MPs, albeit changes in bacterial abundance can affect the bu",bioRxiv (preprint),2020-07-21
bio_51af6e016d22,Diversity and productivity of a natural grassland decline with the number of global change factors,"Grasslands are highly diverse ecosystems providing important ecosystem services, but they currently face a variety of anthropogenic stressors simultaneously. Quantifying grassland responses to global change factors (GCFs) is crucial for developing effective strategies to mitigate the negative impacts of global change on grassland communities and to promote their resilience in the face of future environmental challenges. We conducted a field experiment in the Songnen grassland, northeastern China, to test the combined effects of 0, 1, 2, 4, 6, and 8 GCFs, including fungicide, herbicide, insecticide, antibiotic stress, heavy metal pollution, light pollution, microplastic pollution, nitrogen deposition, tillage disturbance, and increased precipitation. We found that within one year, the increasing number of GCFs negatively impacts on both the productivity and diversity of grassland communities. In comparison to exposure to a single GCF, exposure to 8 GCFs led to a reduction in productivity and species richness by 42.8% and 42.9%, respectively. Furthermore, these negative effects seem to be linked to the reduction of dominant species and the concurrent increase in neonative species. The results of hierarchical diversity-interaction modeling suggested that the adverse impacts of an increasing number of GCFs on community productivity and diversity are attributable to both the specific identities of GCFs involved and their unique pairwise interactions. The results suggest that grasslands may quickly loose stability and degrade more rapidly in response to multiple co-occurring GCFs. Greater efforts should be made to conserve the functions and services of grassland ecosystems by reducing the impacts of human activities.",bioRxiv (preprint),2024-12-17
bio_7ae8cbf06fb2,Textile waste and microplastic induce activity and development of unique hydrocarbon-degrading marine bacterial communities,"Biofilm-forming microbial communities on plastics and textile fibers are of growing interest since they have potential to contribute to disease outbreaks and material biodegradability in the environment. Knowledge on microbial colonization of pollutants in the marine realm is expanding, but metabolic responses during substrate colonization remains poorly understood. Here, we assess the metabolic response in marine microbial communities to three different micropollutants, virgin high-density polyethylene (HDPE) microbeads, polysorbate-20 (Tween), and textile fibers. Intertidal textile fibers, mainly cotton, virgin HDPE, and Tween induced variable levels of microbial growth, respiration, and community assembly in controlled microcosm experiments. RAMAN characterization of the chemical composition of the textile waste fibers and high-throughput DNA sequencing data shows how the increased metabolic stimulation and biodegradation is translated into selection processes ultimately manifested in different communities colonizing the different micropollutant substrates. The composition of the bacterial communities colonizing the substrates were significantly altered by micropollutant substrate type and light conditions. Bacterial taxa, closely related to the well-known hydrocarbonoclastic bacteria  Kordiimonas  spp. and  Alcanivorax  spp., were enriched in the presence of textile-waste. The findings demonstrate an increased metabolic response by marine hydrocarbon-degrading bacterial taxa in the presence of microplastics and textile waste, highlighting their biodegradation potential. The metabolic stimulation by the micropollutants was increased in the presence of light, possibly due to photochemical dissolution of the plastic into smaller bioavailable compounds. Our results suggest that the development and increased activity of these unique microbial communities likely play a role in the bioremediation of the relatively long lived textile and microplastic pollutants in marin",bioRxiv (preprint),2020-02-08
bio_57347ae87266,"MICROPLASTICS IN THE MOUNT TERMINILLO SNOW’S (RIETI, ITALY)","Microplastics (MPs) concentrations in atmospheric fallout is a growing environmental concern, this paper reports data regarding the MPs pollution determined using snow samples collected in wintertime and in 6 different areas on Mount Terminillo (2216 m a.s.l.) a typical Apennines massif located north of Rome. Assessment results show that the maximum average concentration found un snow is 74.69 MPsL -1  of melted snow. The results of the characterization show that the most common MPs form was microfibers having dimensions <5mm. The largest MPs were characterized by Fourier Transformed IR (FTIR) analysis, among the polymer materials, the most abundant were polyamide (PA, 25.93%), polyethylene terephthalate (PET, 22,23%), polyester (PES, 17.28%) polypropylene (PP, 8.64%) and polyethylene (PE, 7.40%). The presence of PTFE fibers and a fragment of ABS, typical materials of technical clothing, shows that MPs contamination is also due to recreational activities as well as atmospheric deposits. The Carbonyl Index values indicated that some MPs (PE, PP) are degraded.",bioRxiv (preprint),2024-11-15
bio_a7a9eac46d6a,"Spatiotemporal variations of surface water microplastics near Kyushu, Japan: A quali-quantitative analysis","Microplastics in the ocean are threatening marine ecosystems. Although plastic contaminants are ubiquitous from rivers to polar oceans, their distribution is thought to be heterogeneous, implying that both spatial and temporal variability exist. Here, we elucidate the significant spatial and temporal (seasonal) variations in the quanti-qualitative characteristics of microplastics off the west coast of Kyushu, Japan in the East China Sea. Six surveys across nine stations (n = 54) were conducted over a 14-month period, and a total of 6131 plastic items were identified. The average microplastic abundance (items ·m -3 ) and size (mm) ± S.D. were 0.49 ± 0.92 (n = 54), and 1.71 ± 0.93 (n = 6131), respectively. Differences between the highest and lowest abundances were 50-fold among monthly means (1.97 ± 1.49, n = 9; 0.04 ± 0.03, n = 9), and 550-fold across all net tows (5.50; 0.01). With respect to colour, polymer type, and shape, white and transparent (68.5%), polyethylene (80%) fragments (76.0%) were the dominant composition. There were statistically significant differences for each of the analytical microplastic parameters among survey months (p < 0.02). Our results provide baseline data, and lead to a more comprehensive understanding of the spatiotemporal characteristics of microplastic pollution. Significant spatiotemporal variability in microplastic litter was detected based on the quali-quantitative analyses. Average (± S.D.) microplastic abundance was 0.49 ± 0.92 (items ·m -3 ) and size was 1.71 ± 0.93 (mm). Differences between highest and lowest abundances were 50-fold among monthly means, and 550-fold across all net tows. White and transparent polyethylene fragments were the dominant composition.",bioRxiv (preprint),2021-03-22
med_913f94ef6ca2,Microplastics Identified in Commercial Over-the-counter Lubricant Eyedrops,"There is increasing evidence that microplastics exert harmful effects on human health and on the ocular surface. Recent studies have highlighted the presence of ocular surface exposure to microplastics via shedding from contact lenses. This study aims to investigate if microplastic particles are present in commonly used eyedrops in single-use plastic vials. Experimental study. Nine commonly used commercial tear-replacement solutions available without a doctor’s prescription were tested (Brands A-I). All brands of eyedrops were analysed visually using light microscopy and the number of microplastic particles were manually counted. Brands A-F were further analysed using the 8700 Agilent Laser Direct Infrared (LDIR) chemical imaging system to identify the microplastic compositions. All eyedrops analysed contained microplastics. The number of microplastic particles identified using light microscopy ranged between 15 (Brand E) to >18,000 (Brand F). In total, nine types of microplastics were identified with LDIR – an average of 14 polyethylene, 8 polypropylene, 1 polystyrene, 2 polyvinylchloride, 21 polyethylene terephthalate, 1 polycarbonate, 19 polymethylmethacrylate, 23 polyamide and 22 polyurethane per millilitre of eyedrop were identified. This is the first study that identified microplastics in commercial tear-replacement solutions. These particles may have been derived from secondary degradation of the plastic vials (polyethylene) during production, transportation, or storage, and represent a major source of exposure to the ocular surface, especially among patients who require chronic instillation of eyedrops.",medRxiv (preprint),2024-05-26
bio_ed2000247250,Tracking Genomic Characteristics across Oceanic Provinces: Contrasting Early and Mature Plastic Biofilm Communities,"While plastic has become omnipresent in the marine environment, knowledge of how plastic biofilm communities develop from functional metabolic and phylogenetic perspectives is nascent, although these data are central to understanding microbial ecology surrounding plastic substrates in the ocean. By incubating virgin microplastics during oceanic transects and comparing with naturally occurring plastic litter at the same locations, we constructed functional gene catalogs to contrast the metabolic differences between early and mature biofilm communities. Early colonization incubations were consistently dominated by Alteromonadaceae and harbored significantly higher proportions of genes associated with adhesion, biofilm formation, chemotaxis, defense, iron acquisition and utilization, and motility. Comparative genomic analyses with  Alteromonas, Marinobacter , and  Marisediminitalea  metagenome assembled genomes (MAGs) spotlighted the importance of the mannose-sensitive hemagglutinin operon, adhesive genes genetically transposed from intestinal pathogens, for early colonization of hydrophobic plastic surfaces. Synteny alignments of the former operon also demonstrated apparent positive selection for  mshA  alleles across all MAGs. Early colonizers varied little in terms of large-scale genomic characteristics, despite the presence of latitudinal, salinity, and temperature gradients. Mature plastic biofilms, composed of predominantly Rhodobacteraceae followed by Flavobacteriaceae, that are critically important for carbon turnover in oceanic ecosystems, displayed significantly higher proportions of genes involved in oxidative phosphorylation, phosphonate metabolism, photosynthesis, secondary metabolism, and Type IV secretion. Our metagenomic analyses provide insight into early biofilm formation on virgin surfaces in the marine environment, as well as how early colonizers self-assemble, compared to mature, taxonomically, and metabolically diverse biofilms. Little is known ab",bioRxiv (preprint),2022-01-23
bio_ef6d67226dd3,Effects of Microplastics and Drought on Ecosystem Functions and Multifunctionality,"Microplastics in soils have become an important threat for terrestrial systems, which can be exacerbated by drought as microplastics may affect soil water content. Thus, the interaction between these two factors may alter ecosystem functions such as litter decomposition, stability of soil aggregates, as well as functions related to nutrient cycling. Despite this potential interaction, we know relatively little about how microplastics, under different soil water conditions, affect ecosystem functions and ecosystem multifunctionality. To address this gap, we carried out a controlled-environment study using grassland plant communities. We applied the two factors microplastic fibers (absent, present) and soil water conditions (well-watered, drought), in all possible combinations in a factorial experiment. At harvest, we measured multiple ecosystem functions linked to nutrient cycling, litter decomposition, and soil aggregation and as terrestrial systems provide these functions simultaneously, we also assessed ecosystem multifunctionality. Our results showed that the interaction between microplastic fibers and drought affected ecosystem functions and multifunctionality. Overall, drought had negatively affected nutrient cycling by decreasing potential enzymatic activities and increasing nutrient leaching, while microplastic fibers had a positive impact on soil aggregation and nutrient retention by diminishing nutrient leaching. Microplastic fibers also impacted enzymatic activities, soil respiration and ecosystem multifunctionality, but importantly, the direction of these effects depended on soil water status (i.e., they decreased under well watered conditions, but tended to increase or had similar effects under drought conditions). Litter decomposition had a contrary pattern. Synthesis and applications . As soil water content is affected by climate change, our results suggest that areas with sufficiency of water would be negatively affected in their ecosystem functioning",bioRxiv (preprint),2020-07-26
bio_f0abf5567275,Degradation of PET Plastics by Wastewater Bacteria Engineered via Conjugation,"Microplastics are contaminants of global concern that pose risks to ecosystems and human health. Focusing on PET plastics, we present a proof-of-concept for reduction of microplastic pollution:  in situ  engineering of bacteria in wastewater to degrade PET. Using a broad-host-range conjugative plasmid, we enabled various bacterial species from a municipal wastewater sample to express FAST-PETase, which was released into the extracellular environment. We found that FAST-PETase purified from some isolates could degrade about 40% of a 0.25 mm thick PET film within four days at 50 °C. We then demonstrate partial degradation of post-consumer PET over 5-7 days by exposure to conditioned media from isolates. These results have broad implications for addressing the global plastic pollution problem by enabling environmental bacteria to degrade PET plastics  in situ .",bioRxiv (preprint),2024-02-07
bio_fbc1bd836eb5,Microplastics drive both linear and threshold-type shifts in soil multifunctionality along concentration gradients,,bioRxiv (preprint),2026-01-31
bio_731278456f28,"Microplastics found in high concentrations around Kantamanto, the world’s largest secondhand textile market in Accra, Ghana: A citizen science study","Located in Accra, Ghana, Kantamanto is the world’s largest secondhand resale and upcycling market for clothing and textiles, receiving tons of garments every week exported under HS Code 6309 by countries in the Global North. We looked at the abundance of microplastics and microfibers from textiles and other sources in this dynamic environment. Our primary interest was assessing how microfibers in a textile-rich environment contribute to overall microplastic pollution. Continuous monitoring of air quality using PurpleAir sensors showed large concentrations of airborne microparticles around the market, which were shown to drop with rain events. Water collected from rain contained dozens to hundreds of microfibers and microplastics (roughly in a 1:10 ratio), depending on the intensity of the rain and on whether the rain was preceded by a significant period of dry weather. Microfiber and microplastic counts from airborne samples showed concentrations about >20x to >100x greater, respectively, than those reported from other metropolises around the world. A comparison of concentrations from water in the adjacent Korle Lagoon was similarly striking, with up to 45x more microfibers, and up to 200x more microplastics than what has previously been reported for lagoon waters worldwide. Beyond the microscale, the issue of whole garments as waste was also demonstrated, with a strong similarity found between the global brand garment tags from fashion items discarded in the market and those that were washed up on nearby beaches, highlighting the need for more holistic regulatory frameworks to address textile waste.",bioRxiv (preprint),2024-05-13
bio_d7a347606f2a,"Microplastic pollution of commercial fishes from coastal and offshore waters, Japan","Microplastics (MPs) pollution is a worldwide issue in the marine environment. There is growing concern of consuming MPs through fish, yet the current contamination status of fish collected from the deep sea surrounding Japan remains limited. We present baseline data on MPs in commercially important fishes from the coastal and offshore waters near Kyushu, Japan (East China Sea). We examined the MPs in the digestive tracts of two pelagic (n = 150 in total) and five demersal species (n = 235 in total). The fish were caught by pole and line, and bottom trawl at different geographical positions. The MPs in pelagic fish (39.1 %) were higher than demersal fish (10.3 %) and of larger sizes. The MPs correlated with habitat depth and type. There was species variation in the shape and polymer composition of MPs. These results increase our understanding of the heterogeneous uptake of MPs by fishes.",bioRxiv (preprint),2021-10-20
bio_e450add26cf9,The need for ecologically realistic studies on the health effects of microplastics,"Plastic pollution is now so widespread that microplastics are consistently detected in every biological sample surveyed for their presence. Despite their pervasiveness, very little is known about the effects of microplastics on the health of terrestrial species. While emerging studies are showing that microplastics represent a potentially serious threat to animal health, data have been limited to  in vivo  studies on laboratory rodents that were force fed plastics. The extent to which these studies are representative of the conditions that animals and humans might actually experience in the real world is largely unknown. Here, we review the peer-reviewed literature in order to understand how the concentrations and types of microplastics being administered in lab studies compare to those found in terrestrial soils. We found that lab studies have heretofore fed rodents microplastics at concentrations that were hundreds of thousands of times greater than they would be exposed to in nature. Furthermore, health effects have been studied for only 10% of the microplastic polymers that are known to occur in soils. The plastic pollution crisis is arguably one of the most pressing ecological and public health issues of our time, yet existing lab-based research on the health effects of terrestrial microplastics does not reflect the conditions that free-ranging animals are actually experiencing. Going forward, performing more true-to-life research will be of the utmost importance to understand the impacts of microplastics and maintain the public’s faith in the scientific process.",bioRxiv (preprint),2022-11-21
bio_d3b93dc96fd4,Exposure to complex mixtures of urban sediments containing Tyre and Road Wear Particles (TRWPs) increases the germ-line mutation rate in  Chironomus riparius,"Tyre and road wear particles (TRWPs) are a significant yet often underestimated source of environmental pollution, contributing to the accumulation of microplastics and a complex mixture of contaminants in both terrestrial and aquatic ecosystems. Despite their prevalence, the long-term evolutionary effects of TRWPs, beyond their immediate toxicity, remain largely unknown. In this study, we assessed mutagenicity in the non-biting midge  Chironomus riparius , upon exposure to urban sediment collected from a runoff sedimentation basin. To assess the extent of mutagenic effects over multiple generations, we combined the urban sediment exposure model with short-term mutation accumulation lines (MALs) and subsequent whole genome sequencing (WGS). Our results reveal that the exposure to urban sediment significantly increases mutation rates compared to control groups by 50%, independent of concentration (0.5% and 10%). To infer potential causal processes, we conducted a comparative analysis with known mutational spectra from experiments with other studies. This comparison showed that the mutation profiles induced by urban sediment clearly clustered with those caused by Benzo[a]Pyrene (BaP), a known polycyclic aromatic hydrocarbon (PAH). A comprehensive chemical characterization of the sediment confirmed a considerable impact of road runoff and traffic-related contamination, including PAHs of primarily petrogenic origin. This suggests that PAH-like compounds present in urban sediments may play a significant role in the observed mutagenic effects. Our study shows that urban sediments influence mutation rates and alter mutational spectra in exposed organisms, potentially compromising genomic stability and shaping evolutionary trajectories. Additionally, we show that comparatively analysing mutational spectra may provide valuable insights into mutational processes. These genetic changes may have profound long-term effects on population dynamics and ecosystem health, underscorin",bioRxiv (preprint),2024-10-17
bio_827f51d36cd7,Microlitter pollution in the marine environment and preliminary evidences of  in vitro  cytotoxic effects on two Mediterranean commercial fish species,"Marine litter, which is composed mainly of plastics, is recognized as one of the most serious threats to marine ecosystems and a global environmental concern. Microplastics (MPs) densities were estimated in all environmental compartments: marine organisms are highly exposed to and ingest them, resulting in disruption of biological functions. Ecotoxicological approaches have also started elucidating the potential severity of MPs in controlled laboratory studies, but the commercially-available and pristine materials employed hardly reflect the actual composition of the environmental litter, which can be contaminated by chemical pollutants or biological agents. Building on the lack of research employing marine environmental MPs or microlitter as a whole, we characterized the quantity and quality of litter in the coastal epipelagic and in the digestive tract of two commercially-relevant fish species, and exposed primary cell cultures of mucosal and lymphoid organs to marine microlitter. A concentration of 0.30 ± 0.02 microlitter items m -3  was found in the water column of the Northern Tyrrhenian sea. μFT-IR analysis revealed that particles of plastic origin, namely polypropylene, HDPE and polyamide, were present in 100% and 83.3% of  M. merluccius  and  M. barbatus  stomachs, respectively, which overall ingested 14.67 ± 4.10 and 5.50 ± 1.97 items. Microlitter was confirmed as a vector of bacteria, fungi and flagellates. Lastly, and for the first time, the apical end-point of viability was significantly reduced in splenic cells exposed  in vitro  to two microlitter conditions. Considering the role of the spleen in the mounting of adaptive immune responses, our results warrant more in-depth investigations for clarifying the actual susceptibility of the biota to anthropogenic microliter. 0.30 ± 0.02 microlitter items m -3  was found in the coastal epipelagic Northern Tyrrhenian sea 14.67 ± 4.10 and 5.50 ± 1.97 items were retrieved from hake and mullet stomach contents A s",bioRxiv (preprint),2021-11-10
bio_16b70cc46cb4,"First evidence of  in vitro  cytotoxic effects of marine microlitter on  Merluccius merluccius  and  Mullus barbatus , two Mediterranean commercial fish species","Marine litter is composed mainly of plastics and is recognized as a serious threats to marine ecosystems. Ecotoxicological approaches have started elucidating the potential severity of microplastics (MPs) in controlled laboratory studies with pristine materials but no information exist on marine environmental microlitter as a whole. Here, we characterized the litter in the coastal Northern Tyrrhenian sea and in the stomach of two fish species of socio-economic importance, and exposed primary cell cultures of mucosal and lymphoid organs to marine microlitter for evaluating possible cytotoxic effects. An average of 0.30 ± 0.02 microlitter items m -3  was found in water samples. μFT-IR analysis revealed that plastic particles, namely HDPE, polyamide and polypropylene were present in 100% and 83.3% of  Merluccius merluccius  and  Mullus barbatus  analyzed, which overall ingested 14.67 ± 4.10 and 5.50 ± 1.97 items/individual, respectively. Moreover, microlitter was confirmed as a vector of microorganisms. Lastly, the apical end-point of viability was found to be significantly reduced in splenic cells exposed  in vitro  to two microlitter conditions. Considering the role of the spleen in the mounting of adaptive immune responses, our results warrant more in-depth investigations for clarifying the actual susceptibility of these two species to anthropogenic microlitter. 0.30 ± 0.02 microlitter items m -3  were found at the surface of coastal Northern Tyrrhenian sea 14.67 ± 4.10 and 5.50 ± 1.97 items/individual were retrieved from the stomach of hakes and mullets The ingested microlitter contained plastic items Microlitter was validated as a carrier of bacteria, fungi and flagellates Splenic cells exposed to two microlitter conditions for 72 hours suffered cytotoxicity",bioRxiv (preprint),2021-11-10
bio_5b6e756c6e86,Effects of Different Microplastics on Nematodes in the Soil Environment: Tracking the Extractable Additives using an Ecotoxicological Approach,"With an increasing interest in the effects of microplastic in the soil environment, there is a need to thoroughly evaluate potential adverse effects of these particles as a function of their characteristics (size, shape, and composition). In addition, extractable chemical additives from microplastic have been identified as an important toxicity pathway in the aquatic environment. However, we currently know little about effects of such additives in the soil environment. In this study on nematodes ( Caenorhabditis elegans ), we adopted an ecotoxicological approach to assess the potential effects of thirteen different microplastics with different characteristics and extractable additives. We found that toxic effects appear to increase in the order of low-density polyethylene (LDPE) film < polypropylene (PP) fragments < high-density polyethylene (HDPE) fragments ≈ polystyrene (PS) fragments < polyethylene terephthalate (PET) fragments ≈ polyacrylicnitrile (PAN) fibers. Acute toxicity was mainly attributed to the extractable additives: when the additives were extracted, the toxic effects of each microplastic disappeared in the acute soil toxicity test. The harmful effects of LDPE film and PAN fibers increased when the microplastics were maintained in soil for a long-term period with frequent wet-dry cycles. We here provide clear evidence that microplastic toxicity in the soil is highly related to particle characteristics and extractable additives. Our results suggest that future experiments consider extractable additives as a key explanatory variable. Abstract art/Table of contents",bioRxiv (preprint),2020-07-07
bio_478c1d657c54,Application-dependent assessment of the human exposure potential to microplastics,"The presence of microplastic in the environment has become a matter of significant concern regarding its impact on the food chain and, moreover, human health. The potential ways in which humans may be exposed to microplastic include ingestion, inhalation, or dermal contact. To facilitate initial estimates of the potential for human exposure, a model has been developed that incorporates all of the major stages in the transfer of microplastic from its sources to direct human contact. Due to the scarcity of data available, a simplified gradation of exposure probability has been applied. Building on the results of published mass flow models for microplastics, the model is based on normalized values for the release of microplastics from different types of applications into environmental compartments, also considering the degradation of macroplastic. Published data investigating the contamination of different foods and beverages are evaluated, and the inhalation probability is assessed using air pollution data and breathing rates. In the final step, the potential for resorption through the gastrointestinal and the respiratory tract is estimated. The results obtained from this modelling indicate a high exposure potential for microplastic from tire wear via outdoor air and for various PET applications via indoor air. Furthermore, the results demonstrate a high potential for exposure via ingestion of food for plastics used in agriculture. The model’s results represent an initial attempt to estimate exposure probabilities for humans across all application categories of plastics and the most common polymers, taking into account the uncertainty of current research.",bioRxiv (preprint),2025-09-29
bio_9297271e7128,Developmental toxicity of pre-production plastic pellets affects a large swathe of invertebrate taxa,"Microplastics pose risks to marine organisms through ingestion, entanglement, and as carriers of toxic additives and environmental pollutants. Plastic pre-production pellet leachates have been shown to affect the development of sea urchins and, to some extent, mussels. The extent of those developmental effects on other animal phyla remains unknown. Here, we test the toxicity of environmental mixed nurdle samples and new PVC pellets for the embryonic development or asexual reproduction by regeneration of animals from all the major animal superphyla (Lophotrochozoa, Ecdysozoa, Deuterostomia and Cnidaria). Our results show diverse, concentration-dependent impacts in all the species sampled for new pellets, and for molluscs and deuterostomes for environmental samples. Embryo axial formation, cell specification and, specially, morphogenesis seem to be the main processes affected by plastic leachate exposure. Our study serves as a proof of principle for the potentially catastrophic effects that increasing plastic concentrations in the oceans and other ecosystems can have across animal populations from all major animal superphyla.",bioRxiv (preprint),2024-01-10
bio_f78a146e6cd7,"First evidence of  in vitro  cytotoxic effects of marine microlitter on  Merluccius merluccius  and  Mullus barbatus , two Mediterranean commercial fish species","Marine litter is composed mainly of plastics and is recognized as a serious threats to marine ecosystems. Ecotoxicological approaches have started elucidating the potential severity of microplastics (MPs) in controlled laboratory studies with pristine materials but no information exist on marine environmental microlitter as a whole. Here, we characterized the litter in the coastal Northern Tyrrhenian sea and in the stomach of two fish species of socio-economic importance, and exposed primary cell cultures of mucosal and lymphoid organs to marine microlitter for evaluating possible cytotoxic effects. An average of 0.30 ± 0.02 microlitter items m -3  was found in water samples. μFT-IR analysis revealed that plastic particles, namely HDPE, polyamide and polypropylene were present in 100% and 83.3% of  Merluccius merluccius  and  Mullus barbatus  analyzed, which overall ingested 14.67 ± 4.10 and 5.50 ± 1.97 items/individual, respectively. Moreover, microlitter was confirmed as a vector of microorganisms. Lastly, the apical end-point of viability was found to be significantly reduced in splenic cells exposed  in vitro  to two microlitter conditions. Considering the role of the spleen in the mounting of adaptive immune responses, our results warrant more in-depth investigations for clarifying the actual susceptibility of these two species to anthropogenic microlitter. 0.30 ± 0.02 microlitter items m -3  were found at the surface of coastal Northern Tyrrhenian sea 14.67 ± 4.10 and 5.50 ± 1.97 items/individual were retrieved from the stomach of hakes and mullets The ingested microlitter contained plastic items Microlitter was validated as a carrier of bacteria, fungi and flagellates Splenic cells exposed to two microlitter conditions for 72 hours suffered cytotoxicity",bioRxiv (preprint),2021-11-10
med_580ec7976d79,"Antibiotic resistance genes, antibiotic residues, and microplastics in influent and effluent wastewater from treatment plants in Norway, Iceland, and Finland","Monitoring antimicrobial resistance genes (ARGs) in wastewater influent (pre-treatment) and effluent (post-treatment) reveals their circulation in communities via wastewater surveillance (WS), possible amplification during treatment, and potential public health risks from gene releases into surface water. This study used Oxford Nanopore (ONP) metagenomic sequencing and qPCR to track ARGs in wastewater treatment plants (WWTPs) influents and effluents in Mekjarvik (Norway), Reykjavik (Iceland), and Mariehamn (Åland-Finland). High-Performance Liquid Chromatography (HPLC) monitored antibiotic residues and Micro-Fourier Transform Infrared Spectroscopy (µ-FTIR) used for microplastics (MPs) in Mekjarvik and Reykjavik. Metagenomic analysis identified 193 unique ARGs, with the highest average (±SD) in Reykjavik (66.3 ± 4.1), followed by Mekjarvik (61.3 ± 14.1) and Mariehamn (18.0 ± 2.2). While treatment generally reduced ARGs, ONP and qPCR detected amplification of some carbapenemase and ESBL genes. ONP sequencing linked many ARGs to plasmids, co-occurring with metal stress genes. The most prevalent plasmids— Col440I ,  IncQ2 , and  ColRNAI —were found across all WWTPs. Mercury-related genes dominated metal stress genes (64.9%), followed by multimetal (23.7%) and copper (6.4%) stress genes. Among 45 antibiotics screened in Mekjarvik and Reykjavik, only sulfamethoxazole and sulfapyridine were consistently quantified, while azithromycin, ciprofloxacin, and ofloxacin were often below detection limits. MPs were highest in Reykjavik influent (8200 MPs/m³) and Mekjarvik influent (5900 MPs/m³). Treatment effectively reduced larger MPs but was less effective against smaller particles. Polyethylene (∼60%) was the most dominant MP type, except in Mekjarvik influent, where polypropylene (∼50%) prevailed. This study reveals distinct ARG and antibiotic residue patterns in wastewater. While treatment significantly reduced ARGs, antibiotic residues, and larger MPs, it did not eliminate the",medRxiv (preprint),2025-02-21
bio_73a994ed6c61,"Origin, exposure routes and xenobiotics impart nanoplastics with toxicity on freshwater bivalves","Various environmental aged plastic wastes were collected in the environment and crushed to the nanometric scale to get a mix of nanoplastics (NPs) of different natures – mostly polyolefins (PE, PP), polyesters (PET) and polyvinylics (PS and PVC) – and undefined shapes (noted NP-L, mean hydrodynamic diameter at 285 nm). We aimed to test the toxicity of NPs of environmentally relevance on freshwater bivalves and compare results to commonly used styrenic NP-PS (206 nm).  Corbicula fluminea  were exposed to four different conditions with NPs (0.008 to 10 μg/L), for 21 days and kept under depuration conditions for 21 additional days: 1) waterborne exposure to NP-L, 2) diet borne exposure to NP-L, 3) synergic waterborne exposure to NP-L and AlCl 3  salt (1 mg/L), 4) waterborne exposure to NP-PS. Enzyme activities, gene expressions and behavioural tests were assessed. Trophic and synergic exposures with Al triggered more gene modulations than direct exposure to NP-L (namely on  12s, atg12, gal, segpx, p53  and  ache ). NP-PS were also more harmful than NP-L, but only at high concentrations (10 μg/L). The effects of each treatment lasted until 7 days of depuration and no more gene inductions were observed after 21 days in clean water. Very few effects were shown on phenol-oxidase (PO), and glutathione S-transferase (GST). However, the inhibition of acetylcholinesterase (AchE) was concomitant with an increase of the filtration activity of bivalves exposed to NP-L (trophic route) and NP-PS, suggesting neurotoxic effects. By disturbing the ventilatory activity, NPs could have direct effects on xenobiotic accumulation and excretion capacities. The results point out how the structure, aging, exposure routes and additional xenobiotics can interact with adverse outcomes of NPs in bivalves. These findings underline the importance to consider naturally aged environmental NPs in ecotoxicological studies rather than synthetic latexes,  i . e . crosslinked nanospheres prepared from vir",bioRxiv (preprint),2022-10-27
bio_e33470587186,"Plastic microfibers found in high numbers around Kantamanto, the world’s largest secondhand textile market in Accra, Ghana","Located in Accra (Ghana), Kantamanto is the world’s largest secondhand textile market where tons of garments are exported every week by Global North countries, including the USA, Canada, the UK, the EU27, China and South Korea. We looked at the abundance of microfibers from textiles in this very dynamic environment. Continuous monitoring of air quality using PurpleAir sensors showed large numbers of airborne particles around the market, which were shown to drop with rain events. Rainwater was collected and shown to contain dozens to hundreds of microfibers and microplastics, depending on the intensity of the rain and on whether dry weather preceded the rain. The first hour of rain seemed to bring down the larger numbers of airborne microfibers, especially if it had not rained for 3-4 days. Microfiber and microplastics counts from airborne samples showed numbers about >20x to >100x greater than those reported from other mega-cities, respectively. Comparison of these counts from water of the adjacent Korle Lagoon was similarly striking, with about >100x more microfibers and >200x more microplastics than reported for coastal waters around the world. The impacts of garments were also demonstrated beyond the microscale, with a strong similarity of global brand assemblages in the textile waste found in the market and on the nearby beaches.",bioRxiv (preprint),2024-05-13
bio_cd29c84d76e9,The impact of various microplastics on bacterial community and antimicrobial resistance genes in Norwegian and South African wastewater,"Wastewater treatment plants (WWTPs) may serve as hotspots for pathogens and promote antimicrobial resistance (AMR). Plastic debris in wastewater could further contribute to AMR dissemination. The aim of this study is to investigate the impact of various microplastic types on bacterial communities and AMR gene abundance in Norwegian and South African wastewater. Microcosm experiments were designed as follows: Five manufactured microplastic pellet types were used for testing and two rock aggregate types were used as controls. In addition, each material type was subjected to artificial aging treatments using either ultra-violet light or hydrogen peroxide. Each material was incubated in flasks containing inlet/outlet wastewater obtained from Norwegian/South African WWTPs. Nucleic acids were extracted after a one-week incubation period. The detection of the  bla FOX   and bla MOX  genes was performed using quantitative PCR. Extracted DNA was sequenced using a MinION device. Non-metric multi-dimensional scaling plot on full-length 16S sequencing data at the species level showed samples were clustered into distinct material groups. These results were in line with the ANOSIM test showing significant p-values in both Norwegian and South African WWTP settings. Indicator species analysis showed a strong association between many Acinetobacter species with the plastic group than the rock group. Aging treatment using hydrogen peroxide showed some effects on microbial. The abundance of  bla FOX  and  bla MOX  genes in the Norwegian wastewater outlet were generally lower compared to those in the inlet, though results were contrary in South African wastewater samples. The relative abundance of AMR genes seemed to be increased on several plastic types (PET, PE, PLA) but decreased on PVC-A. WWTP treatments in this study did not effectively reduce the abundance of AMR genes. In addition, plastic categories were shown to play a pivotal role in developing distinct bacterial communities a",bioRxiv (preprint),2024-05-22
bio_0dc0144e6e9b,Pandemic Legacy: Medical Facemasks as a Potential Source of Marine Microplastic?,"Understanding the main sources of microplastic pollution is key towards developing efficient measures to reduce microplastic loadings to marine waters. Yet identifying the main sources of marine microplastic is challenging. Source tracking should be easier in marine bays where inputs are limited. In 2021 we determined the concentrations and characteristics of microplastics > 300 μm in surface waters of Placentia Bay, Newfoundland; a bay with negligible river input in an area of low population density, and no plastic processing plants in the vicinity. Microplastics contributed 2-14% to particulate organic carbon (> 300 μm), and concentrations ranged from 0.11 to 0.67 particles m -3 , a relatively high level given the region’s low population density. Microplastic diversity was low; fiber and fragment concentrations dwarfed those of other shapes, and polypropylene (PP) dominated, with transparent PP fibers specifically contributing near 50% to the total microplastic inventory. The overwhelming dominance of transparent PP fibers, as well as the exceptionally high proportion of long fibers, suggest that a distinctive input of large, transparent PP fibers overlaid “background” inputs from other sources. A ballpark estimate indicates that weathering of medical facemasks used during the COVID-19 pandemic are a likely explanation for the dominance of transparent PP fibers in Placentia Bay in 2021. Similar inputs may have affected many other aquatic environments globally, but might not have been observable in systems where other continuous input pathways are high.",bioRxiv (preprint),2025-10-13
bio_b4f8603d6ea6,Microplastic pollution in aquatic environments may facilitate misfeeding by fish,"Numerous recent studies have documented ingestion of microplastics (MPs) by many aquatic animals, yet an explanation for misfeeding by fish remains unexplained. Here we tested the hypothesis that biofilm (biofouling) on MP surfaces due to exposure in the aquatic environment facilitates misfeeding in fish. Spherical polystyrene (PS) was cultured for 0 to 22 weeks in a freshwater environment to grow biofilm on the MP. Goldfish were employed in a simple feeding experiment with and without provision of genuine food at ecologically relevant MP concentrations. The absorbance (ABS), which is a proxy for biofilm formation increased exponentially within three weeks of initiation and reached a plateau after approximately five weeks. Although fish did not swallow the MPs, “capture” occurred when food pellets were in the vicinity and significantly increased in probability with exposure time. Duration of capture also increased significantly with increasing exposure. These results suggest that the drift of MPs in aquatic environments may facilitate fish misidentification of MPs as edible prey.",bioRxiv (preprint),2022-07-05
bio_951b373a787c,Microplastic pollution induces algae blooms in experimental ponds but bioplastics are less harmful,"An ever-growing sea of plastic waste permeates even the most remote ecosystems; however, its ecological impact is unclear. Less persistent bioplastic alternatives are available but also have unknown environmental effects. We conducted a three-month experiment exposing plankton in experimental ponds to 10 concentrations of three different thermoplastic polyurethane microplastics, including two biodegradable bioplastics. Algal blooms with dense chlorophyll occurred consistently at high concentrations of the petroleum-derived thermoplastic polyurethane, but only occasionally with the two bioplastics. Herbivorous zooplankton density was strongly reduced by typical thermoplastic polyurethane and only weakly by bioplastics, therefore the effect on algae is at least partly due to reductions in top-down grazing pressure. Microbial communities exhibited compositional shifts in response to all three plastic types, with petroleum-derived plastic associated with the most pronounced differences across both prokaryotic and eukaryotic domains. Our results show that plastic pollution may contribute to the growing global problems of eutrophication, coastal hypoxia and harmful algae blooms, and that biodegradable plastics may have smaller environmental footprints.",bioRxiv (preprint),2025-10-24
bio_fe4b18236c8a,Modelling plastics exposure for the marine biota: Risk maps for fin whales in the Pelagos Sanctuary (North-Western Mediterranean),"The Mediterranean basin is among the most impacted marine ecoregions globally, being at the same time semi-enclosed by densely populated countries and crossed by trafficked maritime routes. Such anthropogenic pressure threatens both the qual-ity of its waters and the high biodiversity living in them, making the role of Marine Protected Areas (MPAs) crucial for pre-serving species suitable habitats. Under the European Union Marine Strategy Framework Directive, marine litter has been recognized as one of the principal causes of marine pollution, and public awareness on its environmental and biological impacts is raising. Using a quantitative and data-driven modelling approach, here we assess the presence of plastic waste within the feeding grounds of the fin whale  Balaenoptera physalus , an endangered cetacean for which there is increasing evidence of impacts due to microplastic ingestion. To this end, we analyze a decade (2000 - 2010) of advection patterns of marine plastic litter, modelled with a Lagrangian approach. Particles are released in the MPA Pelagos, the International Sanctuary for the Protection of Mediterranean Marine Mammals (North-Western Mediterranean, between France, Italy and Monaco), from different sources (i.e., untreated waste along coasts, plastic discharged from rivers and plastic pollution released along maritime shipping routes). Risk of exposure of fin whales to microplastic pollution is evaluated by interlacing plastic litter distribution maps obtained through modelling with maps of suitable habitats obtained from the elaboration of satellite chlorophyll-a data in species-specific visited areas. Our modelling results show that all the three main sources of plastic litter taken into account clearly contribute to impacting cetaceans in the Sanctuary, yet in a different manner. The procedure formalized here can be extended to assess the risk caused by plastic pollution in other MPAs as well as to evaluate possible impacts on other taxa, thus i",bioRxiv (preprint),2019-02-01
bio_a9567f3473a3,Legacy effect of microplastics on plant-soil feedbacks,"Microplastics are a complex contaminant suite that are now understood to affect plants and soil biota and the processes they drive. However, the role of microplastic in plant-soil feedbacks, a key feature in plant-soil interactions, is still unknown. We address this here, using soil from a previous experiment, which has been conditioned with 12 different microplastic types including fibers, films, foams, and fragments. To evaluate the feedback effect, we grew a native and a range-expanding plant species with inocula extracted from each one of these soils. At harvest, plant biomass and root morphological traits were measured. Films gave rise to a positive feedback on shoot mass (higher mass with soil inocula conditioned with microplastics than without), likely via negative effects on harmful soil biota. Foams and fragments also caused positive feedback on shoot mass likely via effects on enzymatic activities and mutualistic soil biota. Fibers led to negative feedback on root mass as they may promote the abundance of soil pathogens. Microplastics also have a legacy effect on root traits:  Daucus  had thicker roots probably for promoting mycorrhizal associations while  Calamagrostis  had reduced root diameter probably for diminishing pathogenic infection. Microplastic legacy on plants is species-specific and may affect plant biomass primarily via root traits. Microplastics, as a function of their shape and polymer type, have a feedback effect on plant performance.",bioRxiv (preprint),2022-04-12
bio_a3331c397301,"Complete genome sequences of nine isolates from microplastics in the Bow River, Calgary, Canada","We present the complete genome sequences of nine bacterial strains isolated from microplastics from water or sediments of the Bow River in Calgary, Alberta. These isolates provide insight into the freshwater microplastic microbiome and their plastic biodegradation potential.",bioRxiv (preprint),2024-10-19
bio_e78670c16e6c,Preliminary Survey of Fungal Communities Across a Plastics/No Plastics Transition on an Oregon Beach,"Plastics pose an increasing and significant threat to both human and environmental health. While many fungi can degrade a variety of organic polymers, investigations into which fungi possess the potential to remediate environmental plastics contamination have only recently become a priority. To help address this need, we tested the null hypothesis that chronic plastics contamination has no impact on the fungal communities across a plastics/no plastics transition in a beach sand in northern Oregon. We used sieving and binocular microscopy of microplastics (particle size, 12.6µm +/-5.5µm, detection range 1-5000µm) to confirm the plastics/no plastics transition. We used paired plot design to collect samples across this transition and analyzed the fungal communities using high-throughput DNA sequencing methods for fungal ITS-2. Results indicated that the beach sand contaminated with plastics held an extensive fungal community, while un-contaminated sand held no fungal community at all. System dominants included  Acremonium  and  Penicillium , both free-living ascomycete fungi that have shown plastics-degrading capabilities in lab studies, and the ectomycorrhizal genus,  Russula  a symbiotic fungus that has known plastics-degrading enzyme capabilities. Also amongst dominant genera was a human fungal pathogen (genus  Malassezia ) that causes chronic skin disease. These results provide new fungal models for further studies of fungal and ectomycorrhizal remediation of plastics contaminated contaminated beach sand.",bioRxiv (preprint),2024-01-18
bio_782e6e09704d,Microplastics have shape- and polymer-dependent effects on soil processes,"Microplastics are a diverse and ubiquitous contaminant, a global change driver with potential to alter ecosystem properties and processes. Microplastic-induced effects in soils are manifold as microplastics differ in a variety of properties among which the shape is of special interest. Microplastic shapes can resemble natural forms or be dissimilar from natural objects. Our knowledge is limited regarding the impact of various microplastic shapes on soil processes. Therefore, we conducted this two-part research comprising a meta-analysis on published literature and a lab experiment focusing on microplastic shapes- and polymer-induced effects on soil aggregation and organic matter decomposition. We here focus on fibers, films, foams and fragments as microplastic shapes. In the meta-analysis, we revealed a strong research focus on fibrous and particulate microplastic materials, with films and foams neglected. Our experiment showed that microplastic shapes are important modulators of responses in soil aggregation and organic matter decomposition. Fibers, irrespective of their chemistry, negatively affected the formation of aggregates. This supported the shape dissimilarity hypothesis. However, for other shapes like foams and fragments, the polymer identity is clearly an important factor co-modulating the soil responses. Further research is needed to generate a data-driven foundation to build on our developing mechanistic understanding of the importance and consequences of microplastic shapes added to our soils.",bioRxiv (preprint),2020-06-02
bio_526b75787333,"Vertical distribution and migration of microplastics in soils from Fars Province, southwest Iran","Microplastics (MPs) in soils have recently emerged as a significant environmental concern because of their potential impacts on ecosystems and human health. In this study, MPs have been determined in genetic soil horizons to a maximum depth of 140 cm along four transects that encompass various land uses (managed and unmanaged) in Fars Province, southwest Iran. Soils have also been characterised in terms of texture and chemistry using established methods. With little contemporary or historical application through agricultural practices, MPs were dominated by fibres of various colours and sizes and polymeric construction (mainly polyamides, polyesters and polyolefins), with remaining particles largely consisting of sheet-like fragments. MP abundance (up to about 200 per kg of dry soil) and size were heterogeneously distributed throughout the region and with respect to soil depth, regardless of land use, with inverse correlations with soil particle size observed at two locations. We infer that atmospheric deposition is the principal source at the soil surface and that MPs that evade erosion are able to readily migrate downwards to depths extending to at least that of the lowest horizon sampled. Migration appears to be independent of particle size or density and is likely driven by percolating precipitation but facilitated through bioturbation and soil cracking during dry periods. The persistence and vertical migration of MPs in soils may have adverse impacts on subterranean ecosystems and ground water quality. Microplastics (MPs) determined in soil horizons covering different land uses in Fars Province MPs dominated by fibres and derived largely from atmospheric deposition MPs distributed heterogeneously with depth, land use, soil texture Regardless of size and density, MPs able to migrate to at least 140 cm Migration may have adverse impacts on subterranean ecosystems and ground water",bioRxiv (preprint),2025-09-17
med_e84cbb9e6db2,Anthropogenic Debris in Bivalves Sold for Human Consumption in Northern California: A Cross-Sectional Follow-Up Study,"Microplastics have emerged as a major environmental concern due to their widespread presence and potential health impacts. Growing water contamination has raised concerns about its presence in seafood consumed by humans. In this single-center, cross-sectional study, we collected a sample of 10 Pacific oysters sold locally in Northern California. We compared microplastic content with a prior study performed at the same location in 2015 (Rochman et al.). Anthropogenic debris was extracted from the whole tissue of shellfish using a 10% KOH solution and quantified under a dissecting microscope. Microplastics were found in all ten samples (compared with 4/12 samples in 2015), from three to greater than 40 particles per sample. These anthropogenic debris were primarily filaments from 0.2 to 2 mm long. Our study findings suggest that microplastics in bivalves sold for human consumption have increased in the past ten years, with potential human health concerns.",medRxiv (preprint),2025-07-03
bio_835546bd6c27,Microplastics may reduce the efficiency of the biological carbon pump by decreasing the settling velocity and carbon content of marine snow,"Plastics are pervasive in marine ecosystems and ubiquitous in both shallow and deep oceans. Microfibers, amongst other microscopic plastics, accumulate in deep sea sediments at concentrations up to four orders of magnitude higher than in surface waters. This is at odds with the fact that most microfibers are positively buoyant; therefore, it is hypothesized that settling aggregates are vectors for downward transport of microfibers in the ocean. However, little is known about the impact of microfibers on carbon export. We formed diatom aggregates with differing concentrations of microfibers using roller tanks and observed that microfiber addition stimulated aggregate formation, but decreased their structural cohesion and caused them to break apart more readily, resulting in smaller average sizes. Incorporation of positively buoyant microfibers into settling aggregates reduced their size-specific sinking velocities proportional to the microfiber concentration. Slower sinking may extend aggregate retention time in the upper ocean, thereby increasing the time available for organic matter remineralization in the upper water column. Here, we show that microfiber concentrations typical of those in the English Channel and Atlantic Ocean decrease potential export flux by 15-50%. Present day microfiber concentrations in surface waters may therefore be substantially reducing the efficiency of the biological carbon pump relative to the pre-plastic era.",bioRxiv (preprint),2023-06-23
bio_13e606726c9b,"Polyolefin colonization and partial degradation by  Gordonia  sp., and  Arthrobacter  sp. isolated from wetlands and compost","Plastics and microplastics constitute an ever-increasing pollutant in the biosphere. There is clear evidence that environmental microbes possess enzyme systems and metabolic apparatus to degrade natural high molecular weight polymers, which substantially overlap with those involved in the biodegradation of plastics. This study investigated the presence and activities of plastic-degrading microbes in environments with a high abundance of plant-derived polymers, including cellulosic, chitinous, or lignin-derived compounds. Microbes were enriched in a minimal medium, with low-density polyethylene (LDPE), polypropylene (PP), poly(ethylene terephthalate) (PET), or polystyrene (PS) as the sole carbon source, resulting in 12 bacterial isolates. Plastic mass loss and cell viability were measured over a 28-day incubation period, in addition to assessment of biofilm formation.  Gordonia  sp. iso11 displayed mass loss of PP of up to 22.8% and formed a viable dense biofilm (10 9  CFU cm -2 ) on a PP film. A putative alkane-1-monoxygenase (AlkB) was identified from genome sequence analysis, which aligned with a known LDPE-degrading enzyme. Furthermore, reductions in the contact angle of medium supernatant from  Gordonia  sp. iso11 provided evidence of biosurfactant production which may enhance the bioavailability of the synthetic plastic. To our knowledge, this is the first demonstration of PP degradation by  Gordonia .",bioRxiv (preprint),2024-12-20
bio_d1581c6d6c02,Hydrophobic organic contaminants are not linked to microplastic uptake in Baltic Sea herring,"It is commonly accepted that microplastic (MP) ingestion can lead to lower food intake and bioaccumulation of hydrophobic organic contaminants (HOCs) in aquatic organisms. However, causal links between MP and contaminant levels in biota are poorly understood and  in situ  data are very limited. Here, we investigated whether HOC concentrations in herring muscle tissue ( Clupea harengus membras ) are related to MP ingestion using fish caught along the West coast of the Baltic Sea. The MP occurrence exhibited a large geographic variability, with MP found in 22.3% of the fish examined. The population average was 1.0 MP ind -1 ; however, when only individuals containing MP were considered, the average MP burden was 4.4 MP ind -1 . We also found that MP burden decreased with reproductive stage of the fish but increased with its body size. To predict MP abundance in fish guts, we constructed a mass-balance model using literature data on MP in the water column and physiological rates on ingestion and gut evacuation for clupeids of a similar size. The model output was in agreement with the observed values, thus supporting the validity of the results. Contaminant concentrations in the muscle tissue were unrelated to the MP levels in fish, suggesting a lack of direct links between the levels of HOCs and MP ingestion. Thus, despite their ubiquity, MP are unlikely to have a measurable impact on food intake or the total body burden of hydrophobic contaminants in Baltic herring.",bioRxiv (preprint),2018-07-05
bio_f0d917ac6f00,Sponges as bioindicators for microparticulate pollutants,"Amongst other threats, the world’s oceans are faced with man-made pollution, including an increasing number of microparticulate pollutants. Sponges, aquatic filter-feeding animals, are able to incorporate fine foreign particles, and thus may be a potential bioindicator for microparticulate pollutants. To address this question, 15 coral reef demosponges sampled around Bangka Island (North Sulawesi, Indonesia) were analyzed for the nature of their foreign particle content using traditional histological methods, advanced light microscopy, and Raman spectroscopy. Sampled sponges accumulated and embedded the very fine sediment fraction (< 200 µm), absent in the surrounding sand, in the ectosome (outer epithelia) and spongin fibers (skeletal elements), which was confirmed by two-photon microscopy. A total of 34 different particle types were identified, of which degraded man-made products, i.e., polystyrene, cotton, titanium dioxide and blue-pigmented particles, were incorporated by eight specimens at concentrations between 91 to 612 particle/g dry sponge tissue. As sponges can weigh several hundreds of grams, we conservatively extrapolate that sponges can incorporate on average 10,000 microparticulate pollutants in their tissue. The uptake of particles, however, appears independent of the material, which suggests that the fluctuation in material ratios is due to the spatial variation of surrounding microparticles. Therefore, sponges have a strong potential to biomonitor microparticulate pollutants, such as microplastics and other degraded industrial products.",bioRxiv (preprint),2020-05-26
bio_a3b84492760a,Microplastic fibers affect dynamics and intensity of CO 2  and N 2 O fluxes from soil differently,"Microplastics may affect soil ecosystem functioning in critical ways, with previously documented effects including changes in soil structure and water dynamics; this suggests that microbial populations and the processes they mediate could also be affected. Given the importance for global carbon and nitrogen cycle and greenhouse warming potential, we here experimentally examined potential effects of plastic microfiber additions on CO 2  and N 2 O greenhouse gas fluxes. We carried out a fully factorial laboratory experiment with the factors presence of microplastic fibers (0.4% w/w) and addition of urea fertilizer (100 mg N kg −1 ). The conditions in an intensively N-fertilized arable soil were simulated by adding biogas digestate at the beginning of the incubation to all samples. We continuously monitored CO 2  and N 2 O emissions from soil before and after urea application using a custom-built flow-through steady-state system, and we assessed soil properties, including soil structure. Microplastics affected soil properties, notably increasing soil aggregate water-stability and pneumatic conductivity, and caused changes in the dynamics and overall level of emission of both gases, but in opposite directions: overall fluxes of CO 2  were increased by microplastic presence, whereas N 2 O emission were decreased, a pattern that was intensified following urea addition. This divergent response is explained by effects of microplastic on soil structure, with the increased air permeability likely improving O 2  supply: this will have stimulated CO 2  production, since mineralization benefits from better aeration. Increased O 2  would at the same time have inhibited denitrification, a process contributing to N 2 O emissions, thus likely explaining the decrease in the latter. Our results clearly suggest that microplastic consequences for greenhouse gas emissions should become an integral part of future impact assessments, and that to understand such responses, soil structure sh",bioRxiv (preprint),2020-09-21
bio_914308ce6cee,Microplastics analytics: why we should not underestimate the importance of blank controls,"Recent years have seen considerable scientific attention devoted towards documenting the presence of microplastics (MPs) in environmental samples. Due to omnipresence of environmental microplastics, however, disentangling environmental MPs from sample contamination is a challenge. Hence, the environmental (collection site and laboratory) microplastics contamination of samples during processing is a reality that we must address, in order to generate reproducible and reliable data. Here we investigated published literature and have found that around 1/5 of studies failed to use blank controls in their experiments. Additionally, only 34% of the studies used a controlled air environment for their samples processing (laminar flow, fume hood, closed laboratory, clean room, etc.). In that regard, we have also shown that preparing samples in the fume hood, leads to more microplastics contamination than preparing it in the laboratory bench and the laminar flow. Although it did not completely prevent microplastics contamination, the processing of sample inside the laminar flow is the best option to reduce sample contamination during processing. Overall, we showed that blank controls are a must in microplastics sample preparation, but it is often overlooked by researchers. Most of the contaminant microplastics in blank controls were particles < 20 μm. Fume hoods result in more contamination than processing the samples on the bench. Laminar flow was the best option for reducing MPs contamination of samples. 1/5 of studies failed to use blank controls, and 1/3 did not correct their data. Improving the use and description of blanks is imperative for ensuring data quality. Mandatory graphical abstract",bioRxiv (preprint),2023-02-04
PMC12871986,Biodegradation of polyethylene terephthalate microplastics by  Paenibacillus naphthalenovorans  PETKKU2: Response surface optimization and genomic evidence for an alternative degradation mechanism,"This study establishes  Paenibacillus naphthalenovorans  PETKKU2, isolated from landfill soil in Thailand, as the first reported member of this species capable of degrading polyethylene terephthalate microplastics (PET-MP). Initial screening identified PETKKU2 as the most efficient degrader among ten isolates, achieving 6.07 ± 0.18% weight loss after 35 days at 37°C. Response surface methodology optimization of pH, nitrogen concentration, and PET-MP loading enhanced degradation to 9.48 ± 0.21%, closely matching the predicted maximum of 11.15% and representing 96% improvement over baseline conditions. Integrated analytical characterization (FTIR, SEM, GC-MS) revealed an alternative degradation mechanism distinct from classical PETase-MHETase pathways. FTIR analysis confirmed extensive polymer oxidation with 41% reduction in ester carbonyl groups, while SEM demonstrated progressive surface erosion. Critically, the absence of mono(2-hydroxyethyl) terephthalate (MHET) intermediates, combined with whole-genome analysis revealing thermostable lipases, carboxylesterases, and dioxygenases, but no PETase/MHETase homologs, indicates novel enzymatic routes. Operating under mesophilic conditions (37 °C), PETKKU2 eliminates energy-intensive heating requirements while achieving performance comparable to established thermophilic degraders. These findings establish a promising platform for sustainable PET-MP bioremediation and advance understanding of alternative microbial plastic degradation mechanisms.",PMC (published),2026-02-04
PMC12851922,Atmospheric microplastic emissions from land and ocean,"Microplastics (MPs) are global pollutants 1 , yet their atmospheric distribution is poorly understood 2 . Although atmospheric MP measurements have become more abundant, estimates of emissions into the atmosphere vary by orders of magnitude 3 , 4 . Here we compile a global atmospheric MPs dataset and compare it with size-aligned MP model simulations. Our model simulations show two to four orders of magnitude overestimation of the measured global median atmospheric MP concentrations. Measured median concentrations over the ocean are 27 times lower than over the land (0.003 and 0.08 particles m −3 , respectively). Applying a simple scaling method, we estimate that oceanic emissions are lower in number than land-based emissions. The total global land-based and oceanic emissions are 6.1 × 10 17  (1.3 × 10 17  to 1.1 × 10 18 ) particles year −1  and 2.6 × 10 16  (2.7 × 10 15  to 5.0 × 10 16 ) particles year −1 , respectively. Our results indicate that fewer MP particles are emitted into the atmosphere than previously thought. Land sources dominate the number but not the mass emissions, indicating that MPs emission size distributions should be investigated further.",PMC (published),2026-01-21
PMC12796432,Global change factors differ in effect when acting alone and in a multi-factor background,"The presence of multiple global change factors affects most ecosystems. Urban soils face stressors like heat, drought, road salt, nitrogen deposition, surfactants, and microplastics. Given that combined factors of global change have shown unpredictable effects, we here ask which individual factors have particularly negative effects in multifactorial contexts. We explore this through a subtractive design, comparing single-factor treatments (addition) to treatments where a specific factor is removed (subtraction). The results vary from predominantly negative, positive, to mixed effects. However, removing these factors from a multi-factor context generally improves soil properties and biological processes. Resource related factors enhance microbial activity individually but show no such benefit in multi-factor scenarios. Our findings highlight that the combined effects of factors often differ from their individual impacts. In restoration, priority should be given to mitigating factors with the strongest negative influence in multi-stressor contexts, rather than targeting those with significant isolated effects.",PMC (published),2026-01-09
PMC12844225,Kinetics and Potential Mechanisms of LDPE and PBAT Microplastics Biodeterioration by Soil Bacteria  Bacillus cereus  L6,"Low-density polyethylene (LDPE) and poly (butylene adipate-co-terephthalate) (PBAT) agricultural films are major components of microplastics (MPs) and their contamination in agriculture due to their difficulty to recycle. However, potential degradation mechanisms of MPs from LDPE and PBAT in agricultural soils are still unclear. Here, we isolated a strain of  Bacillus cereus  L6 from long-term agricultural MP-contaminated soil and analyzed its potential biochemical pathways involved in LDPE and PBAT turnover through functional prediction from shotgun genome sequencing. After 28 days of incubation with MPs,  Bacillus cereus  L6 caused a net mass loss of 0.99% LDPE-MPs/28 days and 3.58% PBAT-MPs/28 days. The surfaces of LDPE and PBAT degraded in bioassays added with  Bacillus cereus  L6 showed wrinkles, cracks, and pits, accompanied by an increase in roughness. The crystallinity and thermal stability of both LDPE- and PBAT-MPs were decreased and the hydrophobicity of PBAT-MPs was reduced. Whole-genome sequencing analysis showed that  Bacillus cereus  L6 potentially encoded genes for enzymes related to the biodeterioration of additives in LDPE and PBAT. Moreover, genomic CAZymes predictive analysis showed that genes related to oxygenases and lyases were annotated in the strain L6 Auxiliary Activities family. These findings offer a theoretical foundation for deeper exploration into the degradation and metabolic processes of MPs from discarded agricultural plastics in the environment.",PMC (published),2026-01-14
PMC12845626,A Cost-Effective Standardized Quantitative Detection Method for Soil Microplastics in Different Substrates,"Microplastics (MPs) are emerging pollutants with widespread global distribution, continuously accumulating in soils and posing risks of cross-media pollution. Current soil MP detection methods lack unified standards, suffering from high inter-laboratory variability and cost, which become key bottlenecks limiting data comparability and global microplastics pollution control. Here, we systematically reviewed soil MPs studies (2020–2024) and based on stepwise verification, we established a standardized, reproducible detection method: soil samples were dried at 80 °C for 12 h; density separation was performed in Erlenmeyer flasks with decantation, 10 s glass rod stirring, and 12 h settling, repeated five times; digestion was conducted using a 1:2 volume ratio of H 2 O 2  to supernatant at 80 °C for 8 h; and MPs were quantified via stereo-microscopy combined with ImageJ. It should be noted that the use of NaCl limits the recovery of high-density polymers (e.g., PVC, PET), and the minimum detectable particle size is approximately 127 µm. The method was validated in sandy, loam, and clay soils, achieving an average recovery rate of 96.4%, with a processing time of 68 h and a cost of USD 9.77 per sample. In contrast to previous fragmented, non-standardized protocols, this workflow synergistically optimizes high recovery efficiency, cost-effectiveness, and broad applicability, offering a low-cost, efficient, and widely applicable approach for soil MPs monitoring, supporting data comparability across studies and contributing to global pollution assessment and the United Nations 2030 Sustainable Development Goals.",PMC (published),2026-01-22
PMC12847442,Long-term plastic mulching exacerbates the co-limitation of carbon and phosphorus in farmland by altering physicochemical properties and microbial interactions,"Prolonged plastic film mulching causes plastic residue accumulation and microplastic (MP) formation, compromising soil structure and causing contamination. This study examined mulching duration effects (0, 5, 10, 15 years) on soil MPs, physicochemical properties, microbial communities, and nutrient limitations at 0–20 cm and 20–40 cm depths in maize soils of western Jilin, China. Mulching duration significantly increased MP abundance. Film-like MPs dominated, progressively fragmenting into smaller sizes over time. Long-term mulching enhanced soil moisture and EC (Electrical Conductivity) but decreased SOC (Soil Organic Carbon) and TN (Total Nitrogen), while increasing TP (Total Phosphorus) and AP (Available phosphorus). Microbial responses diverged: bacterial diversity and network complexity rose with enhanced cooperation, whereas fungal networks showed intensified competition. Extracellular enzyme stoichiometry indicated aggravated microbial co-limitation by C (Carbon) and P (Phosphorus), driven by MP-induced SOC depletion and altered P dynamics. SEM (Structural Equation Modeling) revealed that plastic mulching directly altered soil physicochemical properties through MPs accumulation, while indirectly regulating microbial community composition, ultimately exacerbating C-P co-limitation in microbial metabolism. The study highlights soil health risks from long-term mulching and highlights the necessity to seek alternatives such as biodegradable films to mitigate soil health risks associated with long-term plastic mulching.",PMC (published),2026-01-14
PMC12851477,Considering ecological traits of fishes to understand microplastic ingestion across Pacific coastal fisheries,"Coastal fisheries are essential to Pacific Island communities, providing vital nutrition, livelihoods, and cultural value, yet microplastic (MP) contamination poses a growing threat to both ecosystem and human health. This study presents a regional assessment of microplastic contamination in coastal fish across four Pacific Island Countries and Territories (Fiji, Tonga, Tuvalu, and Vanuatu), based on the compilation of four methodologically standardized datasets, enabling us to evaluate whether regional patterns of contamination are linked to the ecological traits of fish. A total of 878 fish from 138 species were analysed to reveal widespread ingestion (32.7% prevalence; 0.76 ± 0.05 MPs/individual), with Fiji exhibiting the highest contamination (74.5% frequency). Reef-associated invertivores such as  Lethrinus harak  showed elevated risks (80% contaminated in Fiji), driven by fiber-dominated particles (65–95%), while ecological traits (benthic feeding, reef habitats) increased exposure compared to nearshore pelagic species. Disparities emerged between nations, with Fiji’s sites exceeding global averages despite remoteness, whereas Vanuatu’s low fish contamination suggests restricted dispersal, successful waste management influences, or differential bioaccumulation pathways. Polypropylene, polyethylene, polyethylene terephthalate, and nylon were the dominant (~11–43%) polymer types across all countries. The findings highlight the essential need to incorporate the Pacific Island data into global pollution assessments to better represent tropical Pacific marine ecosystems. This work establishes a standardized baseline for microplastics in the Pacific coastal fish, providing a framework to guide future research on ecological impacts while highlighting the need to integrate these data into regional and global plastics negotiations. The study underscores the importance of expanding monitoring to underrepresented PICTs to better understand contamination drivers in island",PMC (published),2026-01-28
PMC12863634,Nanoplastic concentration and potential transport in the Arctic Ocean,"Plastic contamination in the Arctic originates from local anthropogenic activities and long-range transport mediated by oceanic and atmospheric circulation, with nanoplastics representing a major emerging concern. Yet, quantitative data on their environmental distribution remain scarce. Here, we present the first multi-matrix, multi-site, and multi-year assessment of nanoplastics distribution in the Arctic Ocean. We found that polystyrene, polypropylene, and polyethylene nanoplastics are widely distributed across different matrices from the Svalbard region to the central Arctic Ocean. The total concentrations of polystyrene and polypropylene ranging from 10 up to 900 ng L⁻¹. Coastal areas may be more influenced by local human activities, whereas remote regions are likely affected by atmospheric transport and inputs associated with the Transpolar Drift. The extent to which each source contributes remains uncertain and may vary spatially. Differences in distribution across environmental matrices were also observed, with higher concentrations in snow and surface ice than at the ice-sea interface. The sea ice act as a temporary reservoir and secondary source of nanoplastics through redistribution processes across the snow-ice-seawater interface. These findings indicate the necessity for multi-scale, multi-temporal, and multi-spatial investigations, which are crucial for understanding the sources, transport pathways, and environmental fate of nanoplastics within the Arctic ecosystem.",PMC (published),2026-01-09
PMC12863645,Microplastic pollution induces algae blooms in experimental ponds but bioplastics are less harmful,"An ever-growing sea of plastic waste permeates even the most remote ecosystems; however, its ecological impact is unclear. Less persistent bioplastic alternatives are available but also have unknown environmental effects. We conducted a three-month experiment exposing plankton in experimental ponds to 10 concentrations of three different thermoplastic polyurethane microplastics, including two biodegradable bioplastics. Algal blooms with dense chlorophyll occurred consistently at high concentrations of the petroleum-derived thermoplastic polyurethane, but only occasionally with the two bioplastics. Herbivorous zooplankton density was strongly reduced by typical thermoplastic polyurethane and only weakly by bioplastics, therefore the effect on algae is at least partly due to reductions in top-down grazing pressure. Microbial communities exhibited compositional shifts in response to all three plastic types, with petroleum-derived plastic associated with the most pronounced differences across both prokaryotic and eukaryotic domains. Our results show that plastic pollution may contribute to the growing global problems of eutrophication, coastal hypoxia and harmful algae blooms, and that biodegradable plastics may have smaller environmental footprints.",PMC (published),2026-01-19
PMC12800575,"The Role of Soil Microorganisms in Microplastic Biodegradation: Mechanisms, Carbon Preferences, and Ecological Impacts","Microplastics (MPs) impact soil microorganisms by altering habitats and community structures. However, generalising these effects across polluted environments is challenging, particularly concerning soil carbon's role in biodegradation. This review aims to address crucial knowledge gaps regarding the relationship between soil carbon availability and microbial preferences for MP‐derived polymers. It highlights that, despite being carbon‐based, the unique structures of MPs prevent them from functioning like natural organic matter in the soil. This limitation affects both the degradation process and the ability of soil microorganisms to utilise MPs effectively as a carbon source. Notably, even polymers that are not directly assimilated after MP biodegradation can be transformed by other soil microorganisms into more readily exploitable forms through vital microbial interactions within the soil food web, which play a key role in carbon cycling. Moreover, this review emphasises attention on understanding how the microbial preferences for substrates derived from MPs are influenced by more readily available organic carbon in the soil. Evaluating carbon use efficiency among these communities reveals intricate responses of soil microorganisms to various carbon sources, including those from MPs. Overall, this review underscores the complex interplay between soil microorganisms, carbon sources, and MP pollution.",PMC (published),2026-01-14
PMC12855254,Analysis of sustainability differences among various shrimp farming models: a systematic review and meta analysis,"The online version contains supplementary material available at 10.1038/s41598-025-34072-6. Aquaculture technology has diversified over the years, but its environmental impact and negative social effects have raised widespread concern. Currently, research on the differences in aquaculture models mainly focuses on a single dimension, lacking quantitative assessment methods for the various differences in farming models. This study employs a meta-analysis method to identify economic and ecological indicators’ data from 136 pieces of literature published between 2002 and 2024. It systematically evaluates the impact of different aquaculture modes and technologies on the comprehensive (economic, ecological, and social) benefits of shrimp farming from multiple dimensions, exploring the differences in benefits between farming modes and the trends as they change with technology and indicators. The results indicate that the Pond Integrated Multi-Trophic Aquaculture model (PIMTA), which uses biological hierarchy technology, exhibits the best comprehensive benefits, followed by the Indoor Super Intensive Recirculating Culture (ISIC_Recirculation), while the Pond Monoculture model (PMC) shows the lowest comprehensive benefits (-1.6425). In terms of ecological benefits, the ISIC_Recirculation model and the PIMTA model perform the best, with total solids (TS), the Shannon index, and microplastics (MPS) significantly affecting the differences in ecological benefits. The Indoor Super Intensive Exchange Culture (ISIC_Exchange) model stands out in terms of social benefits. Regarding economic benefits, the PIMTA model and the Indoor Super Intensive culture models (ISIC) are significantly higher than the PMC model. Based on simulations using collected data, when the survival rate (SR) is greater than 68.37%, the impact of different farming techniques on comprehensive benefits gradually diminishes as the survival rate (SR) increases. Higher pH levels reduce the impact of these difference",PMC (published),2026-01-11
PMC12778049,Abundance of microplastics and nanoplastics in urban atmosphere,"Microplastics (MPs) and nanoplastics (NPs) are emerging environmental pollutants, yet their behavior in the atmosphere remains poorly understood. Using an innovative method capable of detecting plastic particles as small as 200 nanometers, we quantified MPs and NPs in aerosols, dry and wet deposition, and resuspension in two Chinese megacities, Guangzhou and Xi’an. Airborne concentrations reached 1.8 × 10 5  MPs per cubic meter and 5.0 × 10 4  NPs per cubic meter in Guangzhou and 1.4 × 10 5  MPs per cubic meter and 3.0 × 10 4  NPs per cubic meter in Xi’an. Estimates revealed a variation of two to five orders of magnitude in MP and NP fluxes across major atmospheric compartments, dominated by road dust resuspension and rainfall-driven wet precipitation. Plastic particles were more heterogeneously mixed in deposition samples than in aerosols and resuspension, indicating enhanced aggregation and removal. These results provide an integrated assessment of MPs and NPs in urban atmospheric processes and offer critical insights into their transformation, fate, and potential implication for climate, ecosystems, and human health.",PMC (published),2026-01-09
PMC12812918,Toward sustainable plastic bioremediation using bacterial consortia from aquatic environments,"Plastic pollution has become a pervasive global challenge, threatening both aquatic ecosystems and human health. This study explores the biotechnological potential of native microorganisms from diverse aquatic environments for the biodegradation of synthetic plastics and microplastics. A total of 200 water samples were collected from freshwater and saltwater sources, yielding 277 bacterial isolates. Preliminary screening showed that approximately one-third of these isolates exhibited plastic-degrading activity, supported by enzymatic functions such as catalase, lipase, protease, esterase, and peroxidase. Seasonal and spatial variations shaped microbial diversity and enzymatic potential, with saltwater habitats harboring the highest diversity. Molecular identification using 16S rRNA gene sequencing revealed that the most efficient degraders were  Micrococcus luteus ,  Enterobacter cloacae ,  Corynebacterium aurimucosum , and  Mesobacillus maritimus . Structural and chemical analyses using scanning electron microscopy (SEM) and nuclear magnetic resonance (NMR) provided clear evidence of polymer degradation in both commercial and environmentally collected plastics, with the latter showing greater susceptibility due to pre-weathering. High-performance liquid chromatography (HPLC) further confirmed the presence of plastic-derived contaminants in aquatic samples, particularly in wastewater effluents. A bacterial consortium composed of confirmed high-efficiency degraders demonstrated remarkable plastic-degrading capacity, highlighting its potential for application in bioremediation strategies within aquatic environments. This consortium was capable of breaking down polyethylene, polyethylene terephthalate, polyhydroxyalkanoates, and low-density polyethylene. These results emphasize the ability of indigenous microbial communities to degrade persistent plastics and underscore their promise for developing eco-friendly bioremediation strategies to mitigate aquatic plastic poll",PMC (published),2026-01-05
PMC12825150,"Mechanically Recycled
Textiles: A Source of Microplastic
Fiber Emissions","Our research found that the shedding of microplastic
fibers (MPFs)
from textiles is exacerbated by repeated mechanical recycling, raising
environmental concerns as the use of recycled fibers increases in
industry. This study examined MPF release from fabrics containing
30% mechanically recycled polyester fibers subjected to one, two,
or three recycling cycles, compared to primary (virgin) polyester
(PES). Shedding was assessed under both simulated wear and laundering
conditions using Martindale, ICI Pilling Box, and ISO 4484–1:2023
(microplastic from textile sources) protocols. Laundering tests showed
no clear difference in MPF release between primary PES and once-recycled
PES (rPES-1; ∼ 1.4-fold). In contrast, fabrics with fibers
recycled twice (rPES-2) and three times (rPES-3) released about 4.3-fold
and 6.2-fold more MPFs than PES, respectively. Fiber release was different
under dry-state abrasion than in laundry tests, highlighting the limitations
of current wet-state focused assessments. Progressive fiber fragmentation
and increased yarn hairiness suggest cumulative structural degradation
with each recycling cycle. These findings underscore the need for
standardized dry-state shedding assessments and improved recycling
strategies to mitigate MPF emissions. While mechanical recycling remains
environmentally preferable to uncontrolled disposal, these findings
reveal a trade-off in the form of increased MPF release after multiple
recycling cycles, which could be mitigated through improved recycling
processes and fabric design. Achieving a balance between textile circularity
and environmental sustainability remains a critical challenge for
the industry.",PMC (published),2026-01-07
